Name,ExpressionSetId,ExpressionSet.ApiName,ReferenceObjectId,ConstraintModelTag,ConstraintModelTagType
ECO-000000291,9QLg7000001Ops1GAC,VELPACK_G1_Packaging_System,01tg700000hnag1AAA,VELPACKMaintenanceStandard,Type
ECO-000000292,9QLg7000001Ops1GAC,VELPACK_G1_Packaging_System,0dSg7000000Dxn4EAC,velpackmaintenancestandard,Port
ECO-000000293,9QLg7000001Ops1GAC,VELPACK_G1_Packaging_System,0dSg7000000Dxn5EAC,velpackmaintenancepremium,Port
ECO-000000294,9QLg7000001Ops1GAC,VELPACK_G1_Packaging_System,0dSg7000000Dxn6EAC,velpackextendedwarranty,Port
ECO-000000301,9QLg7000001Ops1GAC,VELPACK_G1_Packaging_System,01tg700000hnafyAAA,PharmaFilmColdFormAluAlu,Type
ECO-000000295,9QLg7000001Ops1GAC,VELPACK_G1_Packaging_System,01tg700000hnag3AAA,VELPACKExtendedWarranty,Type
ECO-000000296,9QLg7000001Ops1GAC,VELPACK_G1_Packaging_System,01tg700000hnag0AAA,VELPACKInstallationService,Type
ECO-000000297,9QLg7000001Ops1GAC,VELPACK_G1_Packaging_System,01tg700000hnaftAAA,VELPACKG1PackagingSystem,Type
ECO-000000298,9QLg7000001Ops1GAC,VELPACK_G1_Packaging_System,01tg700000hnafzAAA,PharmaFilmChildResistant,Type
ECO-000000299,9QLg7000001Ops1GAC,VELPACK_G1_Packaging_System,01tg700000hnag2AAA,VELPACKMaintenancePremium,Type
ECO-000000300,9QLg7000001Ops1GAC,VELPACK_G1_Packaging_System,0dSg7000000Dxn3EAC,velpackinstallationservice,Port
ECO-000000302,9QLg7000001Ops1GAC,VELPACK_G1_Packaging_System,0dSg7000000DxlWEAS,pharmafilmchildresistant,Port
ECO-000000303,9QLg7000001Ops1GAC,VELPACK_G1_Packaging_System,01tg700000hnafwAAA,TrackTraceModuleProfessional,Type
ECO-000000304,9QLg7000001Ops1GAC,VELPACK_G1_Packaging_System,0dSg7000000DxlUEAS,pharmafilmalupvc,Port
ECO-000000305,9QLg7000001Ops1GAC,VELPACK_G1_Packaging_System,01tg700000hnafvAAA,TrackTraceModuleStandard,Type
ECO-000000306,9QLg7000001Ops1GAC,VELPACK_G1_Packaging_System,0dSg7000000DxlVEAS,pharmafilmcoldformalualu,Port
ECO-000000307,9QLg7000001Ops1GAC,VELPACK_G1_Packaging_System,01tg700000hnafuAAA,VELPACKG1BaseMachine,Type
ECO-000000308,9QLg7000001Ops1GAC,VELPACK_G1_Packaging_System,01tg700000hnafxAAA,PharmaFilmAluPVC,Type
ECO-000000309,9QLg7000001Ops1GAC,VELPACK_G1_Packaging_System,0dSg7000000DxlREAS,velpackg1basemachine,Port
ECO-000000310,9QLg7000001Ops1GAC,VELPACK_G1_Packaging_System,0dSg7000000DxlTEAS,tracktracemoduleprofessional,Port
ECO-000000311,9QLg7000001Ops1GAC,VELPACK_G1_Packaging_System,0dSg7000000DxlbEAC,velpackmgrbatchcontrolsoftware,Port
ECO-000000312,9QLg7000001Ops1GAC,VELPACK_G1_Packaging_System,01tg700000hnag4AAA,VelPackMgrBatchControlSoftware,Type
ECO-000000313,9QLg7000001Ops1GAC,VELPACK_G1_Packaging_System,0dSg7000000DxlSEAS,tracktracemodulestandard,Port
