DisplayUrl,StockKeepingUnit
/resource/VEL_VELPACK_G1_BDL,VEL-PACK-G1-BDL
/resource/VEL_VELPACK_G1_BASE,VEL-PACK-G1-BASE
/resource/VEL_VELPACK_G1_TT,VEL-PACK-G1-TT
/resource/VEL_VELPACK_G1_TT_PRO,VEL-PACK-G1-TT-PRO
/resource/VEL_PACK_FILM,VEL-PACK-FILM
/resource/VEL_PACK_FILM_CF,VEL-PACK-FILM-CF
/resource/VEL_PACK_FILM_CR,VEL-PACK-FILM-CR
/resource/VEL_SRV_INSTALL_PKG,VEL-SRV-INSTALL-PKG
/resource/VEL_SRV_MAINT_PKG,VEL-SRV-MAINT-PKG
/resource/VEL_SRV_MAINT_PKG_PREM,VEL-SRV-MAINT-PKG-PREM
/resource/VEL_SRV_WARRANTY_PKG,VEL-SRV-WARRANTY-PKG
/resource/VEL_SW_PACK_MGR,VEL-SW-PACK-MGR
/resource/VEL_PRECISION_LSR_BDL,VEL-LSR-BDL
/resource/VEL_PRECISION_1530,VEL-LSR-1530
/resource/VEL_PRECISION_2040,VEL-LSR-2040
/resource/VEL_PRECISION_2060,VEL-LSR-2060
/resource/VEL_LSR_SRC_4KW,VEL-LSR-SRC-4KW
/resource/VEL_LSR_SRC_10KW,VEL-LSR-SRC-10KW
/resource/VEL_LSR_SRC_15KW,VEL-LSR-SRC-15KW
/resource/VEL_LSR_AUTO_CS,VEL-LSR-AUTO-CS
/resource/VEL_CUT_GAS,VEL-CUT-GAS
/resource/VEL_SRV_INSTALL_LSR,VEL-SRV-INSTALL-LSR
/resource/VEL_SRV_MAINT_LSR,VEL-SRV-MAINT-LSR
/resource/VEL_SRV_WARRANTY_LSR,VEL-SRV-WARRANTY-LSR
/resource/VEL_SW_LSR_CAD,VEL-SW-LSR-CAD
/resource/VEL_SOFTWARE_NC,VEL-SOFTWARE-NC
/resource/VEL_STP_BDL,VEL-STP-BDL
/resource/VEL_STP_CTRL,VEL-STP-CTRL
/resource/VEL_STP_CTRL,VEL-STP-CTRL-SW
/resource/VEL_STP_CTRL,VEL-STP-CTRL-FMM
/resource/VEL_STP_DOOR,VEL-STP-DOOR-H
/resource/VEL_STP_DOOR,VEL-STP-DOOR-V
/resource/VEL_STP_OPT,VEL-STP-OPT-DRAIN
/resource/VEL_STP_OPT,VEL-STP-OPT-GMP
/resource/VEL_STP_CERT,VEL-STP-CERT-PVC
/resource/VEL_STP_LOAD,VEL-STP-LOAD-CART
/resource/VEL_STP_LOAD,VEL-STP-LOAD-TRAY
/resource/VEL_STP_LOAD,VEL-STP-LOAD-RACK
/resource/VEL_STP_DOC,VEL-STP-DOC-VAL
/resource/VEL_STP_SVC,VEL-STP-SVC-INST
/resource/VEL_STP_SRV_MAINT_STD,VEL-STP-SRV-MAINT-STD
/resource/VEL_STP_SRV_MAINT_PREM,VEL-STP-SRV-MAINT-PREM
/resource/VEL_SW_RMP,VEL-SW-RMP
