"DoesBundlePriceIncludeChild","IsComponentRequired","IsDefaultComponent","IsQuantityEditable","MaxQuantity","MinQuantity","Quantity","QuantityScaleMethod","QuoteVisibility","Sequence","Errors"
"false","true","true","true","1","1","1","#N/A","Always","10","Required fields are missing: [ProductRelationshipTypeId]"
"false","false","false","true","1","#N/A","1","#N/A","Always","10","Required fields are missing: [ProductRelationshipTypeId]"
"false","false","false","true","1","#N/A","1","#N/A","Always","20","Required fields are missing: [ProductRelationshipTypeId]"
"false","false","false","true","1","#N/A","1","#N/A","Always","10","Required fields are missing: [ProductRelationshipTypeId]"
"false","false","false","true","1","#N/A","1","#N/A","Always","20","Required fields are missing: [ProductRelationshipTypeId]"
"false","false","false","true","1","#N/A","1","#N/A","Always","30","Required fields are missing: [ProductRelationshipTypeId]"
"false","false","false","true","1","#N/A","1","#N/A","Always","10","Required fields are missing: [ProductRelationshipTypeId]"
"false","false","false","true","1","#N/A","1","#N/A","Always","20","Required fields are missing: [ProductRelationshipTypeId]"
"false","false","false","true","1","#N/A","1","#N/A","Always","30","Required fields are missing: [ProductRelationshipTypeId]"
"false","false","false","true","1","#N/A","1","#N/A","Always","40","Required fields are missing: [ProductRelationshipTypeId]"
"false","false","false","true","1","#N/A","1","#N/A","Always","10","Required fields are missing: [ProductRelationshipTypeId]"
"false","false","false","true","1","#N/A","1","#N/A","Always","10","Required fields are missing: [ProductRelationshipTypeId]"
"false","false","false","true","1","#N/A","1","#N/A","Always","20","Required fields are missing: [ProductRelationshipTypeId]"
"false","false","false","true","1","#N/A","1","#N/A","Always","30","Required fields are missing: [ProductRelationshipTypeId]"
"false","false","false","true","1","#N/A","1","#N/A","Always","10","Required fields are missing: [ProductRelationshipTypeId]"
"false","false","false","true","1","#N/A","1","#N/A","Always","20","Required fields are missing: [ProductRelationshipTypeId]"
"false","false","false","true","1","#N/A","1","#N/A","Always","30","Required fields are missing: [ProductRelationshipTypeId]"
"false","false","false","true","1","#N/A","1","#N/A","Always","10","Required fields are missing: [ProductRelationshipTypeId]"
"false","false","false","true","1","#N/A","1","#N/A","Always","20","Required fields are missing: [ProductRelationshipTypeId]"
"false","false","false","true","1","#N/A","1","#N/A","Always","30","Required fields are missing: [ProductRelationshipTypeId]"
"false","false","false","true","1","#N/A","1","#N/A","Always","10","Required fields are missing: [ProductRelationshipTypeId]"
"false","false","false","true","1","#N/A","1","#N/A","Always","20","Required fields are missing: [ProductRelationshipTypeId]"
"false","false","false","true","1","#N/A","1","#N/A","Always","30","Required fields are missing: [ProductRelationshipTypeId]"
"false","false","false","true","1","#N/A","1","#N/A","Always","10","Required fields are missing: [ProductRelationshipTypeId]"
"false","false","false","true","1","#N/A","1","#N/A","Always","20","Required fields are missing: [ProductRelationshipTypeId]"
"false","false","false","true","1","#N/A","1","#N/A","Always","30","Required fields are missing: [ProductRelationshipTypeId]"
"false","false","false","true","1","#N/A","1","#N/A","Always","10","Required fields are missing: [ProductRelationshipTypeId]"
"false","true","true","true","1","1","1","#N/A","Always","10","Required fields are missing: [ProductRelationshipTypeId]"
"false","true","true","true","1","1","1","#N/A","Always","20","Required fields are missing: [ProductRelationshipTypeId]"
"false","false","false","true","1","1","1","#N/A","Always","30","Required fields are missing: [ProductRelationshipTypeId]"
"false","false","true","true","2","1","1","#N/A","Always","10","Required fields are missing: [ProductRelationshipTypeId]"
"false","false","false","true","2","1","1","#N/A","Always","20","Required fields are missing: [ProductRelationshipTypeId]"
"false","false","false","true","1","1","1","#N/A","Always","10","Required fields are missing: [ProductRelationshipTypeId]"
"false","false","false","true","1","1","1","#N/A","Always","20","Required fields are missing: [ProductRelationshipTypeId]"
"false","false","false","true","1","1","1","#N/A","Always","10","Required fields are missing: [ProductRelationshipTypeId]"
"false","false","false","true","5","1","1","#N/A","Always","10","Required fields are missing: [ProductRelationshipTypeId]"
"false","false","false","true","20","1","1","#N/A","Always","20","Required fields are missing: [ProductRelationshipTypeId]"
"false","false","false","true","5","1","1","#N/A","Always","30","Required fields are missing: [ProductRelationshipTypeId]"
"false","false","false","true","1","1","1","#N/A","Always","10","Required fields are missing: [ProductRelationshipTypeId]"
"false","true","true","false","#N/A","#N/A","1","#N/A","Always","20","Required fields are missing: [ProductRelationshipTypeId]"
"false","false","false","true","1","1","1","#N/A","Always","30","Required fields are missing: [ProductRelationshipTypeId]"
"false","false","false","true","1","1","1","#N/A","Always","40","Required fields are missing: [ProductRelationshipTypeId]"
