"Id","AssignedToId","StepDefinitionGroupId","AmendGroupId","CancelledGroupId","IntegrationDefinitionNameId","ResumeOnRuleId","Errors"
"0qDg70000008e9xEAA","#N/A","13og7000000FMjNAAW","#N/A","#N/A","#N/A","#N/A","Required Fields are missing : AssignedToId"
"0qDg70000008e9yEAA","#N/A","13og7000000FMjNAAW","#N/A","#N/A","#N/A","#N/A","Required Fields are missing : AssignedToId"
"0qDg70000008e9zEAA","#N/A","13og7000000FMjNAAW","#N/A","#N/A","#N/A","#N/A","Required Fields are missing : AssignedToId"
"0qDg70000008eA1EAI","#N/A","13og7000000FMjOAAW","#N/A","#N/A","#N/A","#N/A","Required Fields are missing : AssignedToId"
"0qDg70000008eA2EAI","#N/A","13og7000000FMjOAAW","#N/A","#N/A","#N/A","#N/A","Required Fields are missing : AssignedToId"
"0qDg70000008eA3EAI","#N/A","13og7000000FMjPAAW","#N/A","#N/A","#N/A","#N/A","Required Fields are missing : AssignedToId"
"0qDg70000008eA4EAI","#N/A","13og7000000FMjPAAW","#N/A","#N/A","#N/A","#N/A","Required Fields are missing : AssignedToId"
"0qDg70000008eA5EAI","#N/A","13og7000000FMjQAAW","#N/A","#N/A","#N/A","#N/A","Required Fields are missing : AssignedToId"
"0qDg70000008eA6EAI","#N/A","13og7000000FMjQAAW","#N/A","#N/A","#N/A","#N/A","Required Fields are missing : AssignedToId"
"0qDg70000008eA7EAI","#N/A","13og7000000FMjQAAW","#N/A","#N/A","#N/A","#N/A","Required Fields are missing : AssignedToId"
"0qDg70000008eA9EAI","#N/A","13og7000000FMjRAAW","#N/A","#N/A","#N/A","#N/A","Required Fields are missing : AssignedToId"
